Id,RegistrationId,Type,Token,ExpirationTime,Tag,UUID
44,1547674028929330435-7491259676340176228-2,GCM,APA91bG3Wwxd4wuSxDnN64Duh1iA-OMRGK1kP6Bu2-Y-8GZ91P4ig_LD3pZokQuTjjt8kAgjBwwltH5WguU3n16VDLrR-OfdNh_k-jBPShlPS3_B7j7SDVJAxQz9VxC2ZvtlABlKUTnb0aGtV8AmS3zRTr3CYHp3QQ,08/02/2015 15:47,8D0BA53A1095250557185BAF5F3418EF83D0EE1D:trn:tesco:uid:uuid:EE37B035-E5F8-4F49-91D0-A92E8C0FF31D,trn:tesco:uid:uuid:EE37B035-E5F8-4F49-91D0-A92E8C0FF31D
77,2742092823407098247-7677185508021041054-2,APNS,257081BB8D336E3AE730C1DCA2444E63FF41834B230BDBDB84F0F741A3E4A440,16/12/2014 09:18,77661EA266AB5A668304DBA4F4B50A0143935915:trn:tesco:uid:uuid:EE37B035-E5F8-4F49-91D0-A92E8C0FF31D,trn:tesco:uid:uuid:EE37B035-E5F8-4F49-91D0-A92E8C0FF31D
91,3354795967024959895-8378162539310816382-2,GCM,APA91bGpp18o01eHolHqEW2AfVDnzVlBrQS8E8JWR5AlH5xqLo2MpuTzExJO5piE_bkXPJ0t_J20j0XJc2BjwnaTXjyj_nC0SMZyS7Ok7fqe-f7w6fpBanitHYp2xsY2qRIWPkDeXY9VnmX4V9bvecUoIqR7wzgX7g,09/02/2015 12:41,2DA354F805EA46AF9BDA43B805EABECFD21FDE10:trn:tesco:uid:uuid:EE37B035-E5F8-4F49-91D0-A92E8C0FF31D,trn:tesco:uid:uuid:EE37B035-E5F8-4F49-91D0-A92E8C0FF31D
92,3374440625299934361-6004841349916991762-2,GCM,APA91bFfT45j5Ms2Ht4QetXe9NX1yFEAzacxiY-BFlmFmnbLBBgvhTsn8YetcYH0SOO9OK0Ma7eSanYmxnqut5TVZJIHtjwTj-TFCPt6M9XxKpNOUDFZi1hBiCQSSzQDS-hLoaD93FwgTRXiU18ofD-e9_3IKy9uFg,08/02/2015 13:44,6F12A0C8D9473DE02DB518009F292C47DCFE377E:trn:tesco:uid:uuid:EE37B035-E5F8-4F49-91D0-A92E8C0FF31D,trn:tesco:uid:uuid:EE37B035-E5F8-4F49-91D0-A92E8C0FF31D
156,5544744932210637657-8127970852200369274-2,GCM,APA91bEdoIYp6zeu_VQhwVocN4Wn6qYXmIXxWQaE37h7tosEJW7vIa2bHWTHtnd2bHHAWhFrEkk6WU7duQiJHenllczhq6UdYrh_wES3AC7qdyRIMwJNcffyRW9Ufeyfa2M-14Vm1kRUa_UGh3a6dKCJShQOkrS03A,10/02/2015 16:05,DF8B22707975EBFD801B4AC0239B76997F5FB683:trn:tesco:uid:uuid:EE37B035-E5F8-4F49-91D0-A92E8C0FF31D,trn:tesco:uid:uuid:EE37B035-E5F8-4F49-91D0-A92E8C0FF31D
165,5845233237902888889-8214481957617852684-2,GCM,APA91bHtohYGvU6yQ0OAYij39Q44TulQSrQ2qRgVZKx1CgLg-fVKZVYohMy9WHgTDmfOUBy4lcnOCC0R-UB9W153w7HOSZZyWcDh_OK8VHQmysQ6tLpPksds6X2WwQPfUn7xEJnnSSGanHNBnKUjEPd6dPvEqQIlbe_hUW5FztImDsORrB0I5jE,16/12/2014 09:20,F1AE795AC0BD4D7A37F55643388CDB9AB0EA4A10:trn:tesco:uid:uuid:EE37B035-E5F8-4F49-91D0-A92E8C0FF31D,trn:tesco:uid:uuid:EE37B035-E5F8-4F49-91D0-A92E8C0FF31D
87,3020740365397875914-4232831560508097346-2,GCM,APA91bG3Wwxd4wuSxDnN64Duh1iA-OMRGK1kP6Bu2-Y-8GZ91P4ig_LD3pZokQuTjjt8kAgjBwwltH5WguU3n16VDLrR-OfdNh_k-jBPShlPS3_B7j7SDVJAxQz9VxC2ZvtlABlKUTnb0aGtV8AmS3zRTr3CYHp3QQ,01/02/2015 14:54,D9E3AA614308F6700BA893DC1A69EDFB4BAA0EAF:trn:tesco:uid:uuid:2926505e-5f5a-4c89-9dba-56d7b481d77e,trn:tesco:uid:uuid:2926505e-5f5a-4c89-9dba-56d7b481d77e
177,6472186562798631076-4111776708457925546-2,GCM,APA91bGpp18o01eHolHqEW2AfVDnzVlBrQS8E8JWR5AlH5xqLo2MpuTzExJO5piE_bkXPJ0t_J20j0XJc2BjwnaTXjyj_nC0SMZyS7Ok7fqe-f7w6fpBanitHYp2xsY2qRIWPkDeXY9VnmX4V9bvecUoIqR7wzgX7g,02/02/2015 09:04,79D83E0C430AF349679495795536611E6117E947:trn:tesco:uid:uuid:2926505e-5f5a-4c89-9dba-56d7b481d77e,trn:tesco:uid:uuid:2926505e-5f5a-4c89-9dba-56d7b481d77e
